{
  "patch_id": "ASH-BASETRAIN-GPU-22-R2",
  "local_nll_loss": 7.624619041439192,
  "local_logsumexp": 7.624618969470094,
  "target_logit": -0.00000007196909734830115,
  "formula_epsilon": 0.000000000001,
  "ln_window_size_sanity_epsilon": 0.00001,
  "payload_digest_hex": "856552759fc5e7f0b0b7c7b2de78fe0f1e59f82b2ff7c935f819758572878052",
  "loss_audit_values_changed": false,
  "verdict_string_changed": false,
  "pass_condition_changed": false,
  "route_lut_changed": false,
  "no_backward_contract_changed": false,
  "pass": true
}
